request_id,amount_safe_to_pay,affordability_status,recommended_payment_method,payment_plan,earliest_date_for_full_payment,spending_changes_needed,decision_explanation
request_26,15656000,affordable_now,full_payment,2025-08-03:15656000,2025-08-03,none,"You can pay the full family transfer of IDR 15,656,000 today, 3 August 2025, since it keeps at least IDR 24,768,300 available, with no other spending changes needed."
request_27,6670,affordable_now,full_payment,2026-07-05:6670,2026-07-05,none,"You can pay the full ZAR 6,670 today for request_27, on 5 July 2026, while keeping at least ZAR 20,500 available."
request_28,290.63,affordable_later,wait,2024-07-15:1302.40,2024-07-15,none,"You'll pay the full EUR 1,302.40 investment on 15 July 2024, since paying any sooner would drop your balance below the required EUR 1,100 minimum."
request_29,2266.62,not_affordable,not_recommended,none,,none,"The requested ZAR 51,524 investment payment due by 23 November 2025 cannot be made while keeping at least ZAR 28,300 available, so it is marked not affordable; only ZAR 2,266.62 can safely be paid today, with no full-payment plan currently available."
request_30,733.22,not_affordable,not_recommended,none,,none,"Paying the requested USD 775.20 by 6 June 2026 isn't possible while keeping at least USD 900 available, so this payment is not recommended at this time."
request_31,2732830.64,affordable_later,wait,2024-11-15:18164000,2024-11-15,none,"You should wait and pay the full IDR 18,164,000 on 15 November 2024, since paying any earlier would drop your balance below the required IDR 16,588,900 minimum."
request_32,15780.65,affordable_later,wait,2025-04-15:40018,2025-04-15,none,"You can safely pay ZAR 40,018 in full only by 15 April 2025, since paying sooner would drop your balance below the required minimum of ZAR 35,700; no spending changes are needed."
request_33,25169.12,affordable_later,wait,2026-03-15:118000,2026-03-15,none,"Your INR 118,000 housing payment should wait until 15 March 2026, since paying it any sooner would drop your balance below the required INR 102,100 minimum."
request_34,129400,affordable_now,full_payment,2024-12-04:129400,2024-12-04,none,"You can pay the full travel request of INR 129,400 today, 4 December 2024, well ahead of the 28 January 2025 deadline, while keeping at least INR 138,500 available."
request_35,22798.29,affordable_later,wait,2026-01-15:212000,2026-01-15,none,"You'll need to wait and pay the full INR 212,000 on 15 January 2026, since paying any sooner would drop your balance below the required INR 106,400 minimum."
request_36,441.09,affordable_later,wait,2026-09-15:3954,2026-09-15,none,"Your USD 3,954 education request should wait until 15 September 2026, when it can be paid in full without dropping your balance below the USD 2,400 minimum you need to keep."
request_37,4389362.48,affordable_later,wait,2024-05-15:14649000,2024-05-15,none,"Paying the full IDR 14,649,000 now would drop the balance below the required IDR 17,056,200 minimum, so the request will wait and be paid in full on 15 May 2024."
request_38,171.8,affordable_later,wait,2025-10-15:971.30,2025-10-15,none,"You can safely pay only EUR 171.80 today, so the full EUR 971.30 for this emergency expense will be paid on 15 October 2025, since paying sooner would drop your balance below the EUR 400 minimum."
request_39,43161.18,affordable_later,wait,2026-06-15:208600,2026-06-15,none,"Your housing payment of INR 208,600 is best made in full on 15 June 2026, since paying it any earlier would drop your balance below the required minimum of INR 213,400."
request_40,361.61,affordable_later,wait,2024-08-15:1290.30,2024-08-15,none,"Since paying the EUR 1,290.30 education request now would drop your balance below the required EUR 1,500 minimum, it's best to wait and pay the full amount on 15 August 2024."
request_41,7954696.58,affordable_later,wait,2026-01-15:38760000,2026-01-15,none,"The full IDR 38,760,000 payment for request_41 will wait until 15 January 2026, since paying any sooner would drop the balance below the required minimum of IDR 25,366,600."
request_42,52100,affordable_now,full_payment,2026-01-05:52100,2026-01-05,none,"You can pay the full INR 52,100 emergency expense today, 5 January 2026, while keeping at least INR 113,100 available, so no waiting until the 15 March 2026 deadline is needed."
request_43,8342345.35,affordable_later,wait,2024-11-15:43339000,2024-11-15,none,"Wait and pay the full IDR 43,339,000 on 15 November 2024, since paying sooner would drop your balance below the required minimum of IDR 21,398,000."
request_44,25731.28,affordable_later,wait,2025-04-15:95800,2025-04-15,none,"Since paying the full INR 95,800 now would drop your balance below the required INR 82,900 minimum, it's best to wait and pay the full amount on 15 April 2025."
request_45,3364836.23,affordable_later,wait,2026-09-15:21983000,2026-09-15,none,"You should wait and pay the full IDR 21,983,000 on 15 September 2026, since paying earlier would drop your balance below the required minimum of IDR 11,149,800."
request_46,35119.14,affordable_with_plan,partial_payment,2024-12-03:35119.14|2024-12-15:14330.86,2024-12-15,none,"To repay the INR 49,450 debt by 9 January 2025 while keeping the required INR 84,000 balance intact, pay INR 35,119.14 on 3 December 2024 and the remaining INR 14,330.86 on 15 December 2024."
request_47,1260119.96,not_affordable,not_recommended,none,,none,"The emergency expense request for IDR 38,114,000 by 19 June 2025 cannot be paid, since doing so would drop the balance below the required minimum of IDR 30,049,000 that must be kept available, so payment is not recommended."
request_48,45700,affordable_now,full_payment,2026-07-25:45700,2026-07-25,none,"You can pay the full INR 45,700 family transfer today, 25 July 2026, while keeping at least INR 71,300 available."
request_49,12740772.14,not_affordable,not_recommended,none,,none,"The requested travel payment of IDR 34,333,000 cannot be made by 22 May 2024, since no option keeps at least IDR 20,275,700 available; only IDR 12,740,772.14 is currently safe to use toward it, and no payment plan is recommended."
request_50,43900,affordable_now,full_payment,2025-08-06:43900,2025-08-06,none,"You can pay the full INR 43,900 travel request today, 6 August 2025, ahead of the 21 August 2025 deadline, while keeping at least INR 99,700 available."
request_51,2191000,affordable_now,full_payment,2026-01-03:2191000,2026-01-03,none,"You can pay the full IDR 2,191,000 investment request today, 3 January 2026, while keeping at least IDR 7,811,000 available."
request_52,19332.39,affordable_later,wait,2024-06-15:28870,2024-06-15,none,"Your INR 28,870 emergency expense can be paid in full on 15 June 2024, since paying any earlier would drop your balance below the required INR 41,500 minimum."
request_53,461.48,not_affordable,not_recommended,none,,none,"The USD 1,699.20 purchase requested on 7 November 2025 is not affordable by the 20 January 2026 deadline, as it would drop your balance below the USD 2,100 minimum you must keep available; only USD 461.48 can safely be paid now, so this payment is not recommended."
request_54,1696.48,not_affordable,not_recommended,none,,none,"The ZAR 121,528 housing payment requested by 21 August 2026 cannot be made, since doing so would drop the balance below the required minimum of ZAR 37,000 that must be kept available; no payment plan is recommended."
request_55,106306.84,not_affordable,not_recommended,none,,none,"The requested INR 218,600 family transfer cannot be made affordably, since paying it would fall below the minimum balance of INR 124,300 that must be kept available, so this payment should not be made by 22 August 2026."
request_56,536.95,affordable_with_plan,partial_payment,2025-02-03:536.95|2025-02-15:344.61,2025-02-15,none,"Pay USD 536.95 today and the remaining USD 344.61 on 15 February 2025, covering the full USD 881.56 purchase while keeping your USD 2,100 minimum balance protected."
request_57,12922.13,affordable_later,wait,2026-06-15:61446,2026-06-15,none,"Because paying the full ZAR 61,446 now would drop your balance below the required ZAR 42,700 minimum, it's best to wait and pay the whole amount on 15 June 2026, ahead of the 15 June 2026 deadline."
request_58,16226000,affordable_now,full_payment,2024-12-07:16226000,2024-12-07,none,"You can pay the full IDR 16,226,000 today, 7 December 2024, ahead of the 25 January 2025 deadline, while keeping at least IDR 14,433,900 available."
request_59,133560.81,not_affordable,not_recommended,none,,none,"The requested investment of INR 140,600 cannot be made by 2 July 2025, since paying it would drop your balance below the required minimum of INR 132,600, so this payment is not recommended at this time."
request_60,116.82,affordable_later,wait,2026-01-15:199.89,2026-01-15,none,"You should wait and pay the full USD 199.89 housing request on 15 January 2026, since paying any sooner would drop your balance below the required USD 400 minimum."
request_61,29062,affordable_with_plan,installments,2024-03-17:10074.83|2024-04-17:10074.83|2024-05-18:10074.83,2024-03-03,none,"Your purchase of ZAR 29,062 can be covered through 3 installments of ZAR 10,074.83 on 17 March 2024, 17 April 2024 and 18 May 2024, while keeping at least ZAR 36,700 in your account."
request_62,404.23,affordable_now,full_payment,2025-08-05:404.23,2025-08-05,none,"You can pay the full USD 404.23 today, 5 August 2025, ahead of the 9 October 2025 deadline, while keeping at least USD 1,300 available."
request_63,37348.21,not_affordable,not_recommended,none,,none,"The INR 343,900 purchase requested on 7 July 2026 cannot be safely afforded; although INR 37,348.21 is available today, the full amount can't be completed while keeping at least INR 153,500 available, so it is not recommended and no payment plan is set."
request_64,0,not_affordable,not_recommended,none,,none,"You should not make the INR 63,700 payment by 16 August 2024, since paying it would drop your balance below the required INR 36,100 minimum, leaving no safe amount to pay today."
request_65,5852.66,not_affordable,not_recommended,none,,none,"The request for ZAR 54,340 cannot proceed; only ZAR 5,852.66 is safely available today while keeping at least ZAR 15,500 available, so full payment isn't achievable within the forecast period."
request_66,22200,affordable_now,full_payment,2026-04-03:22200,2026-04-03,none,"You can pay the full INR 22,200 for this emergency expense today, 3 April 2026, while keeping at least INR 80,700 available."
request_67,314.63,affordable_later,wait,2024-11-15:2094,2024-11-15,none,"Pay USD 2,094 in full on 15 November 2024, since paying it sooner would drop your balance below the required USD 1,200 minimum."
request_68,1346.25,not_affordable,not_recommended,none,,none,"The requested USD 2,091.60 debt payment due 16 April 2025 is not recommended because it can't be made while keeping at least USD 1,500 available; the safe-to-pay amount today is only USD 1,346.25 and no payment plan is possible."
request_69,529.1,affordable_now,full_payment,2026-01-04:529.10,2026-01-04,none,"You can pay the full EUR 529.10 investment request today, 4 January 2026, in one payment while keeping at least EUR 700 available, so no changes to spending are needed."
request_70,50373.61,affordable_later,wait,2025-02-15:243900,2025-02-15,none,"You'll pay the full INR 243,900 on 15 February 2025, since paying sooner would drop your balance below the required INR 115,000 minimum."
request_71,242629.6,not_affordable,not_recommended,none,,none,"The requested IDR 21,451,000 housing payment cannot be made by 28 May 2025, since it would drop your balance below the IDR 8,884,800 minimum you need to keep available; no payment plan or full-payment date is currently possible."
request_72,11330,affordable_now,full_payment,2026-07-05:11330,2026-07-05,none,"You can pay the full ZAR 11,330 request today, 5 July 2026, while still keeping at least ZAR 12,200 available."
request_73,67938.88,affordable_later,wait,2023-02-15:71400,2023-02-15,none,"To keep your balance above the required minimum of INR 103,200, the full INR 71,400 emergency expense will be paid on 15 February 2023 rather than by the 13 February 2023 deadline, as paying earlier isn't affordable."
request_74,5010,affordable_now,full_payment,2025-08-04:5010,2025-08-04,none,"You can pay the full ZAR 5,010 today, 4 August 2025, ahead of the deadline, while keeping at least ZAR 21,900 available."
request_75,28270,affordable_with_plan,installments,2026-04-09:9800.27|2026-05-09:9800.27|2026-06-08:9800.27,2026-04-06,none,"To cover the ZAR 28,270 emergency expense by 12 June 2026 while keeping at least ZAR 39,000 in reserve, the plan splits payment into 3 installments of ZAR 9,800.27 on 9 April, 9 May, and 8 June 2026."
request_76,353.43,not_affordable,not_recommended,none,,none,"The requested USD 4,455.60 payment cannot be made by 30 July 2024 while keeping at least USD 1,800 available, so it is marked not affordable, with at most USD 353.43 safe to pay today and no plan protecting that minimum."
request_77,59777.9,affordable_later,wait,2025-11-15:60700,2025-11-15,none,"Your INR 60,700 housing payment will be made in full on 15 November 2025, since paying it any earlier would drop your balance below the required minimum of INR 82,200."
request_78,43739.65,affordable_later,wait,2025-11-15:50200,2025-11-15,none,"You can pay the full INR 50,200 on 15 November 2025; paying any sooner would drop your balance below the required minimum of INR 55,200."
request_79,229.37,not_affordable,not_recommended,none,,none,"The EUR 2,151.60 purchase requested on 4 September 2024 isn't affordable; while EUR 229.37 could safely be paid today, there's no way to complete the full amount before 1 November 2024 while keeping at least EUR 1,000 available, so it's not recommended."
request_80,20484.17,not_affordable,not_recommended,none,,none,"You can't afford the INR 217,500 debt repayment by 21 February 2025 while keeping at least INR 121,300 available; only INR 20,484.17 is safe to pay today, so no plan can safely complete this payment."
request_81,2076,affordable_now,full_payment,2026-07-03:2076,2026-07-03,none,"You can pay the full USD 2,076 for this travel request today, 3 July 2026, while keeping at least USD 1,600 available."
request_82,381.76,affordable_later,wait,2024-12-15:1405.20,2024-12-15,none,"You'll pay the full USD 1,405.20 on 15 December 2024, since paying sooner would drop your balance below the required USD 1,100 minimum."
request_83,5683.55,not_affordable,not_recommended,none,,none,"The requested transfer of INR 156,200 due by 17 June 2025 cannot be made without dropping below the required INR 37,800 minimum balance, so only INR 5,683.55 is currently safe to pay, and no full payment date is available within the forecast."
request_84,21370.84,affordable_later,wait,2026-06-15:95400,2026-06-15,none,"Your INR 95,400 education request should wait until 15 June 2026, since paying it sooner would drop your balance below the required INR 91,300 minimum."
request_85,370165.51,not_affordable,not_recommended,none,,none,"The requested housing payment of IDR 19,304,000 due by 26 April 2024 cannot be made because no option keeps at least IDR 6,396,300 available, so it is marked not affordable with no recommended payment plan."
request_86,44217.81,affordable_with_plan,full_payment,2025-08-03:46300,2025-08-23,reduce_to:event_8084:2360,"By trimming the online retail purchases down to INR 2,360, you can pay the full INR 46,300 travel request today (3 August 2025) while keeping at least INR 84,900 in reserve."
request_87,16721.95,not_affordable,not_recommended,none,,none,"Paying the requested INR 487,900 by 15 March 2026 isn't recommended because it would drop the balance below the required minimum of INR 185,900, and no payment plan keeps that minimum protected within the forecast."
request_88,10750.83,affordable_with_plan,installments,2024-06-14:9045.23|2024-07-15:9045.23|2024-08-15:9045.23,2024-07-15,none,"To cover the ZAR 26,092 housing request by 25 August 2024 while keeping at least ZAR 25,800 available, the plan splits payment into three installments of ZAR 9,045.23 on 14 June, 15 July and 15 August 2024."
request_89,9317887.26,not_affordable,not_recommended,none,,none,"The requested IDR 13,756,000 payment cannot be made by 15 January 2026, since doing so would drop the balance below the required minimum of IDR 12,534,700 to keep in reserve."
request_90,2560,affordable_now,full_payment,2026-07-06:2560,2026-07-06,none,"You can pay the full ZAR 2,560 debt today, 6 July 2026, while keeping at least ZAR 7,600 available."
request_91,121.15,affordable_later,wait,2024-11-15:1927.20,2024-11-15,none,"Since only EUR 121.15 can be paid today without dropping below the EUR 2,100 minimum balance, the full EUR 1,927.20 will instead be paid on 15 November 2024, the deadline for this emergency expense."
request_92,34034,affordable_now,full_payment,2025-02-05:34034,2025-02-05,none,"You can pay the full ZAR 34,034 education request today, 5 February 2025, since this keeps at least ZAR 28,100 available."
request_93,1729.2,affordable_now,full_payment,2026-04-07:1729.20,2026-04-07,none,"Your travel request for USD 1,729.20 can be paid in full today, 7 April 2026, while keeping at least USD 1,900 available."
request_94,572,affordable_now,full_payment,2024-12-04:572,2024-12-04,none,"Your EUR 572 housing request can be paid in full today, 4 December 2024, ahead of the 22 December 2024 deadline, while keeping at least EUR 600 available."
request_95,4925.72,not_affordable,not_recommended,none,,none,"Paying the INR 553,000 education request by 14 July 2025 isn't affordable, since no option leaves the required INR 145,500 minimum balance protected, so only about INR 4,925.72 can safely be paid today."
request_96,70686.42,not_affordable,not_recommended,none,,none,"The requested purchase of INR 90,200 cannot be made by 12 March 2026, because no option keeps at least INR 56,500 available, so this payment is not recommended and there is no payment plan."
request_97,1490.59,affordable_with_plan,installments,2024-03-19:8145.28|2024-04-19:8145.28|2024-05-20:8145.28,2024-04-15,none,"To cover the ZAR 23,496 housing request by 24 May 2024 while keeping at least ZAR 29,700 in reserve, the plan splits payment into 3 installments of ZAR 8,145.28 each, starting 19 March 2024 and finishing 20 May 2024."
request_98,5237.32,affordable_later,wait,2025-10-15:27148,2025-10-15,none,"Your ZAR 27,148 travel request from 7 August 2025 will be paid in full on 15 October 2025, since paying any sooner would drop your balance below the required minimum of ZAR 30,000."
request_99,17393.11,affordable_with_plan,full_payment,2026-07-04:18062,2026-07-15,stop:event_9188,"By stopping the family streaming plan, you can pay the full ZAR 18,062 emergency expense today, 4 July 2026, while keeping at least ZAR 49,100 in reserve."
request_100,25122.8,not_affordable,not_recommended,none,,none,"The requested purchase of ZAR 37,114 cannot be safely made by 16 August 2024, since paying it would drop the balance below the ZAR 32,500 minimum you need to keep available; only ZAR 25,122.80 could be paid today without breaching that protection."
request_101,143500,affordable_now,full_payment,2025-11-03:143500,2025-11-03,none,"You can pay the full INR 143,500 investment on 3 November 2025, ahead of the 14 November 2025 deadline, while keeping at least INR 187,400 available."
request_102,1716,affordable_with_plan,installments,2026-04-05:594.88|2026-05-05:594.88|2026-06-04:594.88,2026-04-05,none,"Your purchase of EUR 1,716 will be paid in 3 installments of EUR 594.88 starting 5 April 2026, on 5 May 2026, and 4 June 2026, keeping at least EUR 900 in your account throughout."
request_103,0,not_affordable,not_recommended,none,,none,"Paying the INR 368,300 travel request by 7 October 2024 isn't affordable, as no option keeps the required INR 125,500 minimum balance protected, so this payment is not recommended at this time."
request_104,6941.13,not_affordable,not_recommended,none,,none,"The ZAR 17,204 purchase requested on 4 February 2025 is not affordable by the 15 April 2025 deadline, since no option keeps at least ZAR 24,700 available, so it is not recommended and no payment plan is set."
request_105,46612.76,affordable_later,wait,2026-06-15:53500,2026-06-15,none,"Paying the full INR 53,500 now would drop the balance below the required INR 73,900 minimum, so the plan is to wait and pay the full amount on 15 June 2026 instead."
request_106,402,affordable_later,wait,2025-02-15:2207.70,2025-02-15,none,"Since only EUR 402 can be safely paid today without dropping below the EUR 1,200 minimum balance, it's best to wait and pay the full EUR 2,207.70 education request on 15 February 2025."
request_107,2387.52,not_affordable,not_recommended,none,,none,"The EUR 2,534.40 housing request due 4 July 2025 cannot be paid, since no option keeps at least EUR 1,600 available; no payment plan or full payment date exists within the forecast."
request_108,1757.01,not_affordable,not_recommended,none,,none,"The requested ZAR 55,308 education payment due by 26 July 2026 cannot be made, since doing so would drop your balance below the required minimum of ZAR 24,100 that must stay available; only ZAR 1,757.01 can safely be paid toward it today."
request_109,468.52,not_affordable,not_recommended,none,,none,"The EUR 1,863.40 family transfer requested by 26 May 2024 cannot be made, as no option keeps at least EUR 1,700 available; today only EUR 468.52 can safely be sent, with no full payment date possible."
request_110,22352,affordable_with_plan,installments,2025-08-06:7748.69|2025-09-03:7748.69|2025-10-01:7748.69,2025-08-06,none,"You can cover the ZAR 22,352 family transfer by paying in 3 installments of ZAR 7,748.69 on 6 August 2025, 3 September 2025 and 1 October 2025, keeping at least ZAR 11,200 in your account throughout."
request_111,16625000,affordable_now,full_payment,2026-04-03:16625000,2026-04-03,none,"You can pay the full IDR 16,625,000 today, 3 April 2026, well ahead of the 2 May 2026 deadline, while keeping at least IDR 23,022,800 available, with no need to adjust spending."
request_112,271.7,affordable_now,full_payment,2024-06-05:271.70,2024-06-05,none,"You can pay the full EUR 271.70 family transfer today, 5 June 2024, ahead of the 14 June 2024 deadline, while keeping at least EUR 500 available."
request_113,18856.15,affordable_later,wait,2026-10-15:36500,2026-10-15,none,"You should wait and pay the full INR 36,500 on 15 October 2026, since paying sooner would drop your balance below the required minimum of INR 82,300."
request_114,54989.94,affordable_later,wait,2026-01-15:65300,2026-01-15,none,"Paying the full INR 65,300 now would drop your balance below the required INR 113,400 minimum, so the plan is to wait and pay it in full on 15 January 2026."
request_115,14840.35,affordable_later,wait,2024-11-15:80500,2024-11-15,none,"You should wait and pay the full INR 80,500 on 15 November 2024, since paying earlier would drop your balance below the required minimum of INR 38,800."
request_116,6826.09,not_affordable,not_recommended,none,,none,"The requested family transfer of INR 241,200 cannot be made by 16 April 2025, since paying it would dip below the required INR 80,300 minimum balance; only about INR 6,826.09 can safely be paid today, so the payment is not recommended at this time."
request_117,856.44,affordable_with_plan,full_payment,2026-07-05:880,2026-07-15,reduce_to:event_10833:11|reduce_to:event_10875:20.50,"By trimming the family streaming plan to EUR 11 and bakery/snacks spending to EUR 20.50, you can pay the full EUR 880 housing request on 5 July 2026 while keeping at least EUR 1,000 in reserve."
request_118,626.56,affordable_with_plan,installments,2024-12-07:255.87|2025-01-07:255.87|2025-02-07:255.87,2024-12-15,none,"Your EUR 738.10 housing payment will be split into 3 installments of EUR 255.87 starting 7 December 2024, with further payments on 7 January 2025 and 7 February 2025, keeping at least EUR 600 in your account throughout."
request_119,54353.92,not_affordable,not_recommended,none,,none,"Paying the requested INR 203,500 education expense by 17 July 2025 isn't affordable while keeping at least INR 151,200 available, so this payment is not recommended, though INR 54,353.92 could safely be paid today."
request_120,7714000,affordable_now,full_payment,2026-04-06:7714000,2026-04-06,none,"You can pay the full IDR 7,714,000 investment today, 6 April 2026, ahead of the 14 April 2026 deadline, while keeping at least IDR 20,050,300 available."
request_121,633.6,affordable_now,full_payment,2024-03-03:633.60,2024-03-03,none,"You can pay the full USD 633.60 on 3 March 2024, ahead of the 14 March 2024 deadline, while keeping at least USD 800 available."
request_122,20558000,affordable_with_plan,installments,2025-08-05:7126773.33|2025-09-02:7126773.33|2025-09-30:7126773.33,2025-08-05,none,"You can cover the IDR 20,558,000 request by paying it in 3 installments of IDR 7,126,773.33 on 5 August 2025, 2 September 2025 and 30 September 2025, while always keeping at least IDR 12,588,500 in your account."
request_123,4076000,affordable_now,full_payment,2026-01-07:4076000,2026-01-07,none,"You can pay the full IDR 4,076,000 investment on 7 January 2026, ahead of the 28 March 2026 deadline, while keeping at least IDR 18,091,200 available."
request_124,1401.89,affordable_with_plan,installments,2024-06-11:1076.12|2024-07-12:1076.12|2024-08-12:1076.12,2024-07-15,none,"To cover the EUR 3,104.20 request by 20 August 2024 while keeping at least EUR 1,600 available, the plan splits payment into 3 installments of EUR 1,076.12 each, due on 11 June 2024, 12 July 2024, and 12 August 2024."
request_125,5348.62,affordable_later,wait,2025-11-15:6468,2025-11-15,none,"The ZAR 6,468 travel request can't be paid now without dropping below the required ZAR 11,300 minimum balance, so it's scheduled to be paid in full on 15 November 2025 instead."
request_126,159600,affordable_now,full_payment,2026-07-03:159600,2026-07-03,none,"You can pay the full INR 159,600 emergency expense on 3 July 2026, keeping at least INR 129,700 available, with no spending changes needed."
request_127,7238.9,affordable_later,wait,2024-11-15:23980,2024-11-15,none,"Paying the full ZAR 23,980 now would drop your balance below the required ZAR 41,000 minimum, so the plan is to wait and pay it in full on 15 November 2024, ahead of the 18 October 2024 deadline consideration."
request_128,25168,affordable_now,full_payment,2025-02-07:25168,2025-02-07,none,"Your education payment of ZAR 25,168 can be paid in full today, 7 February 2025, ahead of the 14 February 2025 deadline, while keeping at least ZAR 42,600 available throughout."
request_129,113.01,not_affordable,not_recommended,none,,none,"The USD 2,668.80 education payment due 18 June 2026 is not affordable; only USD 113.01 can safely be paid today while keeping at least USD 800 available, and no date within the forecast allows full payment, so it is not recommended."
request_130,360.6,affordable_later,wait,2025-02-15:1978.80,2025-02-15,none,"You can safely send only USD 360.60 today without dipping below the USD 1,400 minimum balance, so the full USD 1,978.80 family transfer will instead be paid on 15 February 2025."
request_131,1140.69,not_affordable,not_recommended,none,,none,"The USD 1,855.20 education request due by 8 July 2025 is not affordable, as no option keeps at least USD 1,100 available, so this payment is not recommended and no plan can proceed."
request_132,265.99,affordable_later,wait,2026-02-15:379.86,2026-02-15,none,"You should wait and pay the full USD 379.86 on 15 February 2026, since paying sooner would drop your balance below the required USD 1,100 minimum."
request_133,2287119.1,not_affordable,not_recommended,none,,none,"The requested purchase of IDR 15,770,000 cannot be made by 29 March 2024, since paying it would drop your balance below the required minimum of IDR 9,986,200; only IDR 2,287,119.10 can safely be paid today, so the payment is not recommended."
request_134,4480330.89,affordable_later,wait,2025-10-15:21831000,2025-10-15,none,"Paying the full IDR 21,831,000 now would drop your balance below the required IDR 15,902,500 minimum, so it's best to wait and pay the full amount on 15 October 2025."
request_135,283.98,affordable_with_plan,full_payment,2026-07-06:304.80,2026-07-15,stop:event_12413,"Stop the video streaming plan, then pay USD 304.80 today toward your housing request, which still leaves at least USD 500 in your account."
request_136,528.35,affordable_with_plan,full_payment,2024-06-03:560.40,2024-06-15,reduce_to:event_12498:27.20,"Reduce household shopping spending to USD 27.20, then pay the full USD 560.40 education request on 3 June 2024, keeping at least USD 1,100 in reserve."
request_137,24678.88,affordable_later,wait,2026-01-15:80100,2026-01-15,none,"The purchase of INR 80,100 requested on 5 November 2025 will be paid in full on 15 January 2026, since paying earlier would drop the balance below the required minimum of INR 71,800."
request_138,756.2,affordable_with_plan,partial_payment,2026-04-07:756.20|2026-04-15:500.74,2026-04-15,none,"To cover the EUR 1,256.94 purchase while keeping the required EUR 2,300 balance safe, you'll pay EUR 756.20 today, 7 April 2026, and the remaining EUR 500.74 on 15 April 2026, fully settling the request."
request_139,1242.6,not_affordable,not_recommended,none,,none,"The USD 2,316 housing request due 17 November 2024 cannot be safely paid, since doing so would drop below the USD 1,500 minimum balance you need to keep available; no payment plan or full-payment date is currently possible."
request_140,1348.69,not_affordable,not_recommended,none,,none,"The request for ZAR 62,832 due 4 March 2025 can't be paid, since doing so would drop the balance below the required ZAR 21,600 minimum; at most ZAR 1,348.69 is safe to pay today, so no payment plan is being recommended."
request_141,18717.93,not_affordable,not_recommended,none,,none,"The INR 171,600 request cannot be safely paid while keeping at least INR 67,300 available; only INR 18,717.93 is currently free, so full payment isn't recommended and no payment date is scheduled before the 12 February 2026 deadline."
request_142,1263.6,affordable_now,full_payment,2024-12-05:1263.60,2024-12-05,none,"You can pay the USD 1,263.60 investment request in full on 5 December 2024, while still keeping at least USD 1,700 available."
request_143,2204.63,affordable_later,wait,2025-07-15:12584,2025-07-15,none,"You'll need to wait until 15 July 2025 to pay the full ZAR 12,584 emergency expense, since paying it sooner would drop your balance below the required minimum of ZAR 11,300."
request_144,215.28,affordable_later,wait,2026-07-15:233.34,2026-07-15,none,"You can pay the full USD 233.34 investment on 15 July 2026, since paying any sooner would drop your balance below the required USD 600 minimum."
request_145,28296.96,affordable_with_plan,installments,2024-03-20:75365.33|2024-04-20:75365.33|2024-05-21:75365.33,2024-04-15,none,"Your INR 217,400 travel request can be covered through 3 installments of INR 75,365.33 on 20 March 2024, 20 April 2024 and 21 May 2024, keeping at least INR 155,400 in reserve throughout."
request_146,15954.96,not_affordable,not_recommended,none,,none,"The housing request of INR 449,400 due by 17 October 2025 cannot be paid, since doing so would drop your balance below the required minimum of INR 108,600 to keep available; only INR 15,954.96 can safely be paid today, and no plan currently achieves full payment while protecting that minimum."
request_147,474.67,affordable_with_plan,installments,2026-04-08:391.63|2026-05-08:391.63|2026-06-07:391.63,2026-05-15,none,"Your EUR 1,129.70 travel request will be paid in 3 installments of EUR 391.63 on 8 April 2026, 8 May 2026 and 7 June 2026, keeping at least EUR 900 in your account throughout."
request_148,7133.3,not_affordable,not_recommended,none,,none,"The requested ZAR 22,242 purchase cannot be made by 18 August 2024, since it would drop the balance below the ZAR 20,000 minimum you must keep available; only ZAR 7,133.30 can safely be paid today, so this payment is not recommended."
request_149,22558.29,affordable_with_plan,installments,2025-11-18:12706.03|2025-12-16:12706.03|2026-01-13:12706.03,2025-12-15,none,"Your ZAR 36,652 travel request can be covered by paying in 3 installments of ZAR 12,706.03 each on 18 November 2025, 16 December 2025, and 13 January 2026, while keeping at least ZAR 42,100 in your account."
request_150,255.95,not_affordable,not_recommended,none,,none,"The education request for EUR 496.10 due by 16 March 2026 cannot be made, since paying it would keep less than EUR 700 available; at most EUR 255.95 could safely go toward it now, with no full-payment date found."
request_151,26999000,affordable_now,full_payment,2024-09-03:26999000,2024-09-03,none,"You can pay the full IDR 26,999,000 housing request today, 3 September 2024, while keeping at least IDR 31,633,600 available."
request_152,11095.1,not_affordable,not_recommended,none,,none,"The request for ZAR 13,882 by 13 April 2025 cannot be paid, since doing so would fall below the minimum balance of ZAR 11,900 that must be kept available; this payment is not recommended."
request_153,0,not_affordable,not_recommended,none,,none,"The USD 2,830.80 purchase requested on 7 July 2026 cannot be made by the 24 September 2026 deadline, since no payment option keeps at least USD 1,400 available."
request_154,1625.8,affordable_with_plan,installments,2024-12-04:563.61|2025-01-04:563.61|2025-02-04:563.61,2024-12-04,none,"Your EUR 1,625.80 travel request can be covered by paying it in 3 installments of EUR 563.61 on 4 December 2024, 4 January 2025 and 4 February 2025, while keeping at least EUR 1,300 in your account throughout."
request_155,112500,affordable_now,full_payment,2025-05-06:112500,2025-05-06,none,"You can pay the full INR 112,500 for this purchase on 6 May 2025, keeping at least INR 56,300 available."
request_156,6185.5,affordable_later,wait,2026-06-15:43076,2026-06-15,none,"Since paying ZAR 43,076 now would drop your balance below the required ZAR 26,900 minimum, it's best to wait and pay the full amount on 15 June 2026, which is before the 15 June 2026 deadline."
request_157,4753942.63,affordable_later,wait,2024-05-15:23503000,2024-05-15,none,"You should wait and pay the full IDR 23,503,000 on 15 May 2024, since paying any earlier would drop your balance below the required minimum of IDR 15,714,100."
request_158,242600,affordable_with_plan,installments,2025-08-07:84101.33|2025-09-04:84101.33|2025-10-02:84101.33,2025-08-07,none,"Your emergency expense of INR 242,600 will be covered through 3 installments of INR 84,101.33 each on 7 August 2025, 4 September 2025 and 2 October 2025, keeping at least INR 131,400 in reserve throughout."
request_159,507.38,not_affordable,not_recommended,none,,none,"The ZAR 13,398 investment requested on 4 January 2026 can't be safely funded before the 20 March 2026 deadline; only ZAR 507.38 is currently available while keeping at least ZAR 8,700 available, so this request is not recommended at this time."
request_160,570.29,affordable_with_plan,installments,2024-06-13:432.05|2024-07-14:432.05|2024-08-14:432.05,2024-07-15,none,"Your EUR 1,246.30 travel request can be covered through 3 installments of EUR 432.05 on 13 June, 14 July, and 14 August 2024, keeping at least EUR 1,200 in your account throughout."
request_161,5630607.9,affordable_later,wait,2026-01-15:21204000,2026-01-15,none,"You should wait and pay the full IDR 21,204,000 on 15 January 2026, since paying any sooner would drop your balance below the required minimum of IDR 23,010,400."
request_162,1078938.24,not_affordable,not_recommended,none,,none,"The request for IDR 83,923,000 due by 26 August 2026 cannot be paid, as doing so would drop your balance below the minimum you must keep, IDR 24,161,100; no payment plan or full payment date is available."
request_163,7997116.01,affordable_with_plan,installments,2024-09-10:6692053.33|2024-10-11:6692053.33|2024-11-11:6692053.33,2024-09-15,none,"To cover the IDR 19,304,000 request by 15 November 2024 while keeping at least IDR 26,728,700 in reserve, the plan splits payment into 3 installments of IDR 6,692,053.33 on 10 September, 11 October, and 11 November 2024."
request_164,27018000,affordable_with_plan,installments,2025-02-11:9366240|2025-03-11:9366240|2025-04-08:9366240,2025-02-04,none,"Since the full IDR 27,018,000 can be covered while keeping at least IDR 29,550,500 in reserve, it will be paid in 3 installments of IDR 9,366,240 each, starting 11 February 2025 and finishing by 8 April 2025, ahead of the 15 April 2025 deadline."
request_165,80600,affordable_now,full_payment,2026-04-06:80600,2026-04-06,none,"You can pay the full INR 80,600 travel request today, 6 April 2026, while keeping at least INR 95,000 available."
request_166,2907.6,affordable_with_plan,installments,2024-12-03:1007.97|2025-01-03:1007.97|2025-02-03:1007.97,2024-12-03,none,"You can cover the USD 2,907.60 request by paying in 3 installments of USD 1,007.97 starting 3 December 2024, on 3 December 2024, 3 January 2025 and 3 February 2025, while keeping at least USD 1,700 in reserve."
request_167,43802,affordable_now,full_payment,2025-05-05:43802,2025-05-05,none,"Your housing request of ZAR 43,802 can be paid in full today, 5 May 2025, while keeping at least ZAR 31,200 available."
request_168,27714.48,affordable_with_plan,partial_payment,2026-01-07:27714.48|2026-02-15:21665.52,2026-02-15,none,"Since paying the full INR 49,380 now would dip below your required INR 114,400 balance, pay INR 27,714.48 today and the remaining INR 21,665.52 on 15 February 2026 to fully cover the housing request while keeping your minimum balance protected."
request_169,41976,affordable_now,full_payment,2024-03-04:41976,2024-03-04,none,"You can pay the full ZAR 41,976 education request today, 4 March 2024, ahead of the 16 May 2024 deadline, while keeping at least ZAR 18,700 available."
request_170,29936302.6,affordable_with_plan,installments,2025-08-06:12804480|2025-09-03:12804480|2025-10-01:12804480,2025-09-15,none,"You can cover the IDR 36,936,000 request by paying it in three installments of IDR 12,804,480 on 6 August 2025, 3 September 2025 and 1 October 2025, while always keeping at least IDR 24,715,800 in your account."
request_171,32.78,not_affordable,not_recommended,none,,none,"The EUR 1,878.80 investment request cannot be paid by 10 September 2026 while keeping at least EUR 500 available, so no payment plan is recommended and no payment date is set."
request_172,9149.93,affordable_with_plan,partial_payment,2024-06-05:9149.93|2024-06-15:1050.07,2024-06-15,none,"Pay ZAR 9,149.93 today and the remaining ZAR 1,050.07 on 15 June 2024 to cover the ZAR 10,200 education request in full while keeping the required ZAR 27,200 minimum balance protected."
request_173,55270.68,affordable_with_plan,installments,2025-11-21:39173.33|2025-12-19:39173.33|2026-01-16:39173.33,2026-01-15,none,"To cover the INR 113,000 family transfer while keeping at least INR 79,100 in reserve, the plan splits payment into 3 installments of INR 39,173.33 each, due on 21 November 2025, 19 December 2025, and 16 January 2026, ahead of the 17 January 2026 deadline."
request_174,1146.2,affordable_with_plan,installments,2026-04-04:397.35|2026-05-04:397.35|2026-06-03:397.35,2026-04-04,none,"To fund the EUR 1,146.20 investment request by the 7 June 2026 deadline while keeping at least EUR 700 available, the plan splits payment into 3 installments of EUR 397.35 on 4 April 2026, 4 May 2026 and 3 June 2026."
request_175,2346.3,affordable_now,full_payment,2024-09-06:2346.30,2024-09-06,none,"The EUR 2,346.30 emergency expense request can be paid in full today, 6 September 2024, while keeping at least EUR 1,700 available."
request_176,32.84,not_affordable,not_recommended,none,,none,"The travel request for EUR 1,239.70 due by 27 February 2025 cannot be paid while keeping at least EUR 600 available, so it is marked not affordable with no payment method recommended and no payment plan scheduled."
request_177,1017.6,affordable_now,full_payment,2026-01-05:1017.60,2026-01-05,none,"You can pay the full USD 1,017.60 on 5 January 2026 for this emergency expense, keeping at least USD 1,300 available in your account."
request_178,2938.1,affordable_with_plan,installments,2024-12-07:1018.54|2025-01-07:1018.54|2025-02-07:1018.54,2024-12-07,none,"You can fund the EUR 2,938.10 investment request by paying it in three installments of EUR 1,018.54 on 7 December 2024, 7 January 2025 and 7 February 2025, while always keeping at least EUR 1,400 in your account."
request_179,6503664.83,affordable_later,wait,2025-07-15:41648000,2025-07-15,none,"Since paying the full IDR 41,648,000 now would drop your balance below the required IDR 41,430,800 minimum, the plan is to wait and pay the entire amount on 15 July 2025."
request_180,66500,affordable_now,full_payment,2026-07-06:66500,2026-07-06,none,"You can pay the full INR 66,500 today, 6 July 2026, ahead of the 2 September 2026 deadline, while keeping at least INR 37,300 available, with no spending changes needed."
request_181,187.85,not_affordable,not_recommended,none,,none,"The requested USD 5,059.20 investment cannot be made by 7 April 2024, since paying it would drop the balance below the minimum of USD 2,000 that must stay available, so this payment is not recommended."
request_182,65714,affordable_now,full_payment,2025-08-05:65714,2025-08-05,none,"You can pay the full ZAR 65,714 today, on 5 August 2025, to fully settle request_182, while keeping at least ZAR 31,100 available in your account, with no spending changes needed."
request_183,22968412.09,not_affordable,not_recommended,none,,none,"The requested IDR 26,866,000 emergency expense cannot be paid by 18 June 2026, since doing so would drop the balance below the minimum of IDR 11,878,300 that must be kept available, so payment is not recommended and no schedule exists."
request_184,7499.24,not_affordable,not_recommended,none,,none,"Paying the requested INR 251,900 by 30 July 2024 isn't affordable, since no option keeps at least INR 110,800 available; today only INR 7,499.24 can safely be paid toward this debt."
request_185,310.25,affordable_later,wait,2026-01-15:1257.30,2026-01-15,none,"Your travel request for EUR 1,257.30 will be paid in full on 15 January 2026, since paying it sooner would drop your balance below the required EUR 1,300 minimum."
request_186,4033.58,affordable_later,wait,2026-03-15:26554,2026-03-15,none,"You should wait and pay the full ZAR 26,554 on 15 March 2026, since paying sooner would drop your balance below the required ZAR 22,000 minimum."
request_187,37750.93,affordable_later,wait,2024-11-15:187500,2024-11-15,none,"You should wait and pay the full INR 187,500 on 15 November 2024, since paying any earlier would drop your balance below the required minimum of INR 128,300."
request_188,107.55,not_affordable,not_recommended,none,,none,"The requested EUR 2,464 transfer cannot be safely made by 4 March 2025, since paying it would drop the balance below the required EUR 900 minimum, and currently only EUR 107.55 can be paid without breaching that limit."
request_189,488.4,affordable_now,full_payment,2026-07-04:488.40,2026-07-04,none,"You can pay the full EUR 488.40 today, 4 July 2026, ahead of the 14 August 2026 deadline, while keeping at least EUR 400 available throughout."
request_190,474.86,affordable_later,wait,2025-02-15:2557.50,2025-02-15,none,"You can't yet afford the EUR 2,557.50 purchase while keeping the EUR 1,600 minimum balance, so the plan is to wait and pay the full amount on 15 February 2025."
request_191,664.4,affordable_now,full_payment,2025-05-03:664.40,2025-05-03,none,"You can pay the full EUR 664.40 investment today, 3 May 2025, while keeping at least EUR 500 available throughout."
request_192,81.84,not_affordable,not_recommended,none,,none,"Paying the USD 2,046 education request by 11 May 2026 isn't affordable, as no option keeps the required USD 1,000 minimum balance protected, so only USD 81.84 can safely be paid today."
request_193,29.59,affordable_with_plan,installments,2024-03-21:420.23|2024-04-21:420.23|2024-05-22:420.23,2024-05-15,none,"To cover the EUR 1,212.20 request by 28 May 2024, we'll pay it in 3 installments of EUR 420.23 on 21 March, 21 April, and 22 May 2024, keeping at least EUR 1,000 in the account at all times."
request_194,33398.34,affordable_later,wait,2025-10-23:132800,2025-10-23,none,"Since paying the full INR 132,800 now would drop the balance below the required INR 113,600 minimum, the plan is to wait and pay the full amount on 23 October 2025, the deadline for this housing request."
request_195,963.22,not_affordable,not_recommended,none,,none,"The requested purchase of EUR 1,170.40 cannot be made by 11 March 2026, since no option keeps at least EUR 700 available, so this payment is not recommended."
request_196,762.3,affordable_now,full_payment,2024-06-03:762.30,2024-06-03,none,"You can pay the full EUR 762.30 for request_196 today, 3 June 2024, while still keeping at least EUR 500 available."
request_197,50939000,affordable_with_plan,installments,2025-11-19:17658853.33|2025-12-17:17658853.33|2026-01-14:17658853.33,2025-11-05,none,"You can cover the IDR 50,939,000 family transfer by paying it in 3 installments of IDR 17,658,853.33 on 19 November 2025, 17 December 2025 and 14 January 2026, keeping at least IDR 26,245,900 in your account throughout."
request_198,185800,affordable_now,full_payment,2026-07-07:185800,2026-07-07,none,"You can pay the full INR 185,800 education request today, 7 July 2026, ahead of the 21 September 2026 deadline, while keeping at least INR 124,300 available."
request_199,23674000,affordable_with_plan,installments,2024-09-07:8206986.67|2024-10-08:8206986.67|2024-11-08:8206986.67,2024-09-04,none,"Your IDR 23,674,000 housing payment is affordable if split into 3 installments of IDR 8,206,986.67, starting 7 September 2024, with further payments on 8 October and 8 November 2024, keeping at least IDR 25,359,500 in reserve."
request_200,21717000,affordable_now,full_payment,2025-02-06:21717000,2025-02-06,none,"You can pay the full IDR 21,717,000 today, on 6 February 2025, since this still keeps at least IDR 20,114,600 available afterward."
request_201,23997000,affordable_now,full_payment,2026-04-03:23997000,2026-04-03,none,"You can pay the full IDR 23,997,000 today, 3 April 2026, ahead of the 16 May 2026 deadline, while keeping at least IDR 17,304,500 available, with no spending changes needed."
request_202,123900,affordable_now,full_payment,2024-12-05:123900,2024-12-05,none,"You can pay the full INR 123,900 family transfer today, 5 December 2024, while keeping at least INR 147,800 available, with no changes needed to your spending habits."
request_203,1442.1,affordable_with_plan,installments,2025-05-10:499.93|2025-06-07:499.93|2025-07-05:499.93,2025-05-07,none,"Your emergency expense of EUR 1,442.10 can be covered through 3 installments of EUR 499.93 on 10 May 2025, 7 June 2025 and 5 July 2025, keeping at least EUR 1,400 in your account throughout."
request_204,479.76,affordable_later,wait,2026-01-15:588.74,2026-01-15,none,"You should wait and pay the full EUR 588.74 housing request on 15 January 2026, since paying any earlier would drop your balance below the required EUR 1,300 minimum."
request_205,10621000,affordable_now,full_payment,2024-03-06:10621000,2024-03-06,none,"You can pay the full IDR 10,621,000 today, 6 March 2024, ahead of the 19 May 2024 deadline, while keeping at least IDR 13,994,300 available."
request_206,1404.7,affordable_with_plan,installments,2025-08-03:486.96|2025-08-31:486.96|2025-09-28:486.96,2025-08-03,none,"You can cover the EUR 1,404.70 family transfer by paying it in three installments of EUR 486.96 each on 3 August 2025, 31 August 2025, and 28 September 2025, keeping at least EUR 900 in your account throughout, ahead of the 29 September 2025 deadline."
request_207,4445.3,affordable_later,wait,2026-07-15:11830,2026-07-15,none,"The full ZAR 11,830 family transfer requested on 5 July 2026 will be paid on 15 July 2026, since paying sooner would drop the balance below the required ZAR 13,600 minimum, and this still meets the 24 July 2026 deadline."
request_208,3030784.21,affordable_later,wait,2024-06-15:4413000,2024-06-15,none,"Your IDR 4,413,000 travel request can't be paid today without dropping below the IDR 10,470,700 minimum balance, so the plan is to wait and pay it in full on 15 June 2024."
request_209,1587.23,not_affordable,not_recommended,none,,none,"The requested ZAR 56,914 travel payment can't be made by 25 November 2025 because paying it would drop the balance below the required ZAR 18,400 minimum, so it's marked not affordable with no safe payment plan currently available."
request_210,838.09,affordable_with_plan,partial_payment,2026-04-06:838.09|2026-04-15:521.93,2026-04-15,none,"Pay USD 838.09 today and the remaining USD 521.93 on 15 April 2026 to cover the USD 1,360.02 emergency expense in full, while keeping your USD 2,000 minimum balance protected."
request_211,265.36,affordable_later,wait,2024-11-15:1788.60,2024-11-15,none,"You can safely pay only EUR 265.36 right now, so the full EUR 1,788.60 for request_211 should wait until 15 November 2024, keeping your balance above the EUR 1,500 minimum."
request_212,2837414.94,not_affordable,not_recommended,none,,none,"The IDR 71,934,000 request cannot be completed safely; only IDR 2,837,414.94 is available today, and the plan keeps at least IDR 29,579,800 available, with no full payment possible before the 28 February 2025 deadline."
request_213,2508.81,not_affordable,not_recommended,none,,none,"The requested USD 3,362.40 family transfer cannot be made by 22 March 2026, since doing so would drop your balance below the USD 2,100 minimum you need to keep available, and no safe payment plan exists to cover it."
request_214,41835.08,affordable_with_plan,partial_payment,2024-12-04:41835.08|2024-12-15:27914.92,2024-12-15,none,"Pay INR 41,835.08 today and the remaining INR 27,914.92 on 15 December 2024 to fully cover the INR 69,750 request while keeping the required INR 174,900 minimum balance protected."
request_215,29986,affordable_with_plan,installments,2025-05-09:10395.15|2025-06-06:10395.15|2025-07-04:10395.15,2025-05-06,none,"Your ZAR 29,986 investment request can be covered by paying in 3 installments of ZAR 10,395.15 on 9 May 2025, 6 June 2025, and 4 July 2025, all while keeping at least ZAR 15,700 in your account."
request_216,386.11,affordable_later,wait,2026-09-15:3332.40,2026-09-15,none,"Since paying the full USD 3,332.40 travel request now would drop your balance below the USD 1,800 minimum, it's best to wait and pay the entire amount on 15 September 2026."
request_217,19458.76,not_affordable,not_recommended,none,,none,"The requested travel payment of ZAR 37,180 cannot be made by 21 May 2024 because no option keeps at least ZAR 26,800 available, so this payment is not recommended and no payment plan is set."
request_218,24434608.74,affordable_with_plan,installments,2025-08-07:21195893.33|2025-09-04:21195893.33|2025-10-02:21195893.33,2025-09-15,none,"To afford the IDR 61,142,000 purchase by 6 October 2025 while keeping at least IDR 34,477,200 in reserve, the plan splits payment into 3 installments of IDR 21,195,893.33 on 7 August, 4 September, and 2 October 2025."
request_219,654.93,affordable_with_plan,installments,2026-04-07:580.01|2026-05-07:580.01|2026-06-06:580.01,2026-05-15,none,"Since the full EUR 1,673.10 isn't safely available at once while keeping the EUR 1,100 minimum balance, the education request will be paid in 3 installments of EUR 580.01 each, starting 7 April 2026, with the remaining payments on 7 May 2026 and 6 June 2026, before the 13 June 2026 deadline."
request_220,75.77,not_affordable,not_recommended,none,,none,"The EUR 3,118.50 investment request cannot be safely funded before 3 July 2024 while keeping at least EUR 1,100 available; although EUR 75.77 is available today, no payment plan can complete the full amount within the forecast period, so it should not proceed."
request_221,109800,affordable_now,full_payment,2025-11-03:109800,2025-11-03,none,"You can pay the full INR 109,800 housing request today, 3 November 2025, ahead of the 14 January 2026 deadline, while keeping at least INR 81,500 available."
request_222,34078,affordable_now,full_payment,2026-01-05:34078,2026-01-05,none,"You can pay the full ZAR 34,078 education request today, 5 January 2026, in one payment while keeping at least ZAR 27,300 available."
request_223,898.7,affordable_now,full_payment,2024-09-07:898.70,2024-09-07,none,"You can pay EUR 898.70 in full on 7 September 2024 for request_223, which keeps at least EUR 800 available throughout the forecast."
request_224,8806437.71,affordable_with_plan,partial_payment,2025-02-04:8806437.71|2025-02-15:1520562.29,2025-02-15,none,"Since paying the full IDR 10,327,000 today would dip below your IDR 22,187,600 minimum balance, we recommend paying IDR 8,806,437.71 now and the remaining IDR 1,520,562.29 on 15 February 2025, completing the travel request on time while keeping your minimum balance protected."
request_225,9619230.41,not_affordable,not_recommended,none,,none,"The requested IDR 22,059,000 emergency expense can't be paid by 21 September 2026 without dropping below the required IDR 17,670,700 minimum balance, so this payment is not recommended at this time."
request_226,157000,affordable_now,full_payment,2024-12-03:157000,2024-12-03,none,"You can pay the full INR 157,000 today, 3 December 2024, ahead of the 15 January 2025 deadline, while keeping at least INR 209,400 available."
request_227,7133.15,not_affordable,not_recommended,none,,none,"Paying INR 259,700 by 20 June 2025 isn't affordable while keeping at least INR 62,900 available, so no payment plan is recommended at this time."
request_228,1657481.76,not_affordable,not_recommended,none,,none,"The requested investment of IDR 63,327,000 due by 30 April 2026 cannot be made, since paying it would drop your balance below the required minimum of IDR 26,191,200, so it's not recommended at this time."
request_229,368.17,not_affordable,not_recommended,none,,none,"The EUR 1,526.80 travel request due by 23 May 2024 cannot be paid, since doing so would drop the balance below the EUR 1,000 minimum you must keep available; only EUR 368.17 is currently safe to pay, and no full-payment date is available."
request_230,3537.6,affordable_now,full_payment,2025-08-06:3537.60,2025-08-06,none,"You can pay the full EUR 3,537.60 today, 6 August 2025, well ahead of the 4 October 2025 deadline, while keeping at least EUR 2,000 available."
request_231,30853.24,not_affordable,not_recommended,none,,none,"The requested ZAR 35,706 purchase due 17 March 2026 is not affordable, since paying it would drop the balance below the ZAR 24,300 minimum that must be kept available, so this payment is not recommended."
request_232,548.84,affordable_later,wait,2024-08-15:1970.10,2024-08-15,none,"Since paying the EUR 1,970.10 travel request now would drop your balance below the EUR 2,400 minimum, it's best to wait and pay the full amount on 15 August 2024."
request_233,3755304.6,affordable_with_plan,partial_payment,2025-11-07:3755304.60|2025-11-15:2485695.40,2025-11-15,none,"Pay IDR 3,755,304.60 today and the remaining IDR 2,485,695.40 on 15 November 2025 to cover the IDR 6,241,000 housing request while keeping your IDR 10,365,700 minimum balance protected."
request_234,180.61,affordable_later,wait,2026-09-15:1213.30,2026-09-15,none,"You can safely pay only EUR 180.61 today, so the full EUR 1,213.30 debt repayment should wait until 15 September 2026 to keep your balance above the EUR 700 minimum."
request_235,967.2,affordable_now,full_payment,2024-09-06:967.20,2024-09-06,none,"You can pay the full USD 967.20 education request today, 6 September 2024, ahead of the 25 October 2024 deadline, while keeping at least USD 700 available."
request_236,4968130.55,not_affordable,not_recommended,none,,none,"The housing request for IDR 52,383,000 due by 23 February 2025 isn't affordable; while IDR 4,968,130.55 could safely be paid today, the full amount can't be completed while keeping at least IDR 16,768,600 available, so no payment plan is recommended."
request_237,23826000,affordable_now,full_payment,2026-04-05:23826000,2026-04-05,none,"You can pay the full IDR 23,826,000 today, 5 April 2026, ahead of the 20 May 2026 deadline, while keeping at least IDR 22,431,500 available."
request_238,663.6,affordable_with_plan,installments,2024-12-07:230.05|2025-01-07:230.05|2025-02-07:230.05,2024-12-07,none,"You can invest USD 663.60 by paying in 3 installments of USD 230.05 starting 7 December 2024, then 7 January 2025 and 7 February 2025, while keeping at least USD 700 in your account throughout."
request_239,642,affordable_now,full_payment,2025-05-04:642,2025-05-04,none,"You can pay the full USD 642 today, 4 May 2025, while keeping at least USD 600 available."
request_240,13958.68,not_affordable,not_recommended,none,,none,"The travel request for INR 101,200 cannot be safely funded; only INR 13,958.68 is available today, and the request is not recommended since it would prevent keeping at least INR 52,800 available, with no payment plan possible before 20 March 2026."
request_241,21052000,affordable_with_plan,installments,2024-03-17:7298026.67|2024-04-17:7298026.67|2024-05-18:7298026.67,2024-03-03,none,"You can cover the IDR 21,052,000 family transfer by paying it in 3 installments of IDR 7,298,026.67 on 17 March 2024, 17 April 2024 and 18 May 2024, while keeping at least IDR 19,252,000 in your account throughout."
request_242,24.38,not_affordable,not_recommended,none,,none,"The requested payment of EUR 1,966.80 due by 25 August 2025 is not affordable while keeping at least EUR 600 available, so only EUR 24.38 can safely be paid today and no full payment date exists within the forecast."
request_243,17468,affordable_now,full_payment,2026-07-07:17468,2026-07-07,none,"You can pay the full ZAR 17,468 today, 7 July 2026, to cover this emergency expense while keeping at least ZAR 19,900 available."
request_244,49918,affordable_now,full_payment,2024-06-04:49918,2024-06-04,none,"You can pay the full ZAR 49,918 today, 4 June 2024, since doing so keeps at least ZAR 45,900 available."
request_245,20555.33,affordable_later,wait,2026-01-15:128500,2026-01-15,none,"The full INR 128,500 emergency expense will be paid on 15 January 2026, since paying it sooner would drop your balance below the required minimum of INR 94,600."
request_246,64086,affordable_with_plan,installments,2026-04-03:22216.48|2026-05-03:22216.48|2026-06-02:22216.48,2026-04-03,none,"Your ZAR 64,086 education request can be covered through 3 installments of ZAR 22,216.48 starting 3 April 2026, on 3 April, 3 May, and 2 June 2026, while keeping at least ZAR 39,300 in your account."
request_247,1059.3,affordable_now,full_payment,2024-09-05:1059.30,2024-09-05,none,"The full family transfer of EUR 1,059.30 can be paid today, 5 September 2024, while still keeping at least EUR 1,300 available."
request_248,309.36,not_affordable,not_recommended,none,,none,"The USD 1,965.60 investment request isn't affordable; only USD 309.36 can be safely paid today, while keeping at least USD 1,300 available, and no full payment date can be made within the forecast period, so it's not recommended to proceed."
request_249,128.38,affordable_later,wait,2026-03-15:643.20,2026-03-15,none,"You should pay the full USD 643.20 on 15 March 2026, since paying it any sooner would drop your balance below the required USD 600 minimum."
request_250,15737.38,not_affordable,not_recommended,none,,none,"The requested ZAR 124,278 debt repayment cannot be safely completed by 18 January 2025 while keeping at least ZAR 35,300 available; only ZAR 15,737.38 can be safely paid today, so the payment should not proceed."
request_251,151.53,not_affordable,not_recommended,none,,none,"The EUR 1,513.60 education request due 6 June 2025 isn't affordable, since paying it would drop the balance below the required EUR 1,300 minimum, so only EUR 151.53 can safely be paid now and the payment shouldn't be made."
request_252,4050432.82,affordable_later,wait,2026-09-15:28082000,2026-09-15,none,"The full IDR 28,082,000 transfer will be paid on 15 September 2026, since paying it sooner would drop the balance below the required IDR 15,152,200 minimum."
request_253,1176.57,not_affordable,not_recommended,none,,none,"The requested housing payment of EUR 2,840.20 cannot be made by 1 June 2024, since paying it would drop the balance below the required EUR 2,300 minimum; at most EUR 1,176.57 can safely be paid today."
request_254,640.69,affordable_later,wait,2025-10-15:3535.20,2025-10-15,none,"You can safely pay only USD 640.69 today, so the full USD 3,535.20 for request_254 should wait until 15 October 2025, when paying it won't drop your balance below the USD 2,500 minimum."
request_255,3345000,affordable_now,full_payment,2026-04-06:3345000,2026-04-06,none,"You can pay the full IDR 3,345,000 for this family transfer on 6 April 2026, while keeping at least IDR 9,813,900 available."
request_256,148371.67,affordable_with_plan,installments,2024-06-10:75816|2024-07-11:75816|2024-08-11:75816,2024-07-15,none,"To fund the INR 218,700 investment by 19 August 2024, you'll pay in 3 installments of INR 75,816 on 10 June, 11 July and 11 August 2024, keeping at least INR 168,600 in reserve throughout, with no other spending changes needed."
request_257,314.25,affordable_later,wait,2026-01-15:1352.40,2026-01-15,none,"You should wait and pay the full USD 1,352.40 on 15 January 2026, since paying any sooner would drop your balance below the required minimum of USD 1,600."
request_258,1113.6,affordable_now,full_payment,2026-01-07:1113.60,2026-01-07,none,"Your investment request of USD 1,113.60 can be paid in full on 7 January 2026, keeping at least USD 500 available, with no changes to spending needed."
request_259,138.03,affordable_later,wait,2024-11-15:935,2024-11-15,none,"Since paying EUR 935 now would drop your balance below the required EUR 600 minimum, the plan is to wait and pay the full amount on 15 November 2024."
request_260,6357907.07,not_affordable,not_recommended,none,,none,"The request for IDR 52,079,000 due by 18 April 2025 cannot be safely funded while keeping at least IDR 20,727,700 available; only IDR 6,357,907.07 is currently safe to pay, so proceeding now is not recommended and no full payment date falls within the forecast period."
request_261,1830.4,affordable_now,full_payment,2026-07-03:1830.40,2026-07-03,none,"You can pay the full EUR 1,830.40 housing request today, 3 July 2026, while keeping at least EUR 1,500 available."
request_262,9236000,affordable_now,full_payment,2024-12-05:9236000,2024-12-05,none,"You can pay the full IDR 9,236,000 education request today, 5 December 2024, ahead of the 24 January 2025 deadline, while keeping at least IDR 31,018,500 available."
request_263,5765.07,not_affordable,not_recommended,none,,none,"The education request for ZAR 51,546 by 15 June 2025 cannot be safely funded; while ZAR 5,765.07 is available today, the plan must keep at least ZAR 24,100 available, so no payment plan is recommended at this time."
request_264,23685.7,affordable_later,wait,2026-06-15:111300,2026-06-15,none,"Since paying the full INR 111,300 now would drop your balance below the required INR 59,500 minimum, the plan is to wait and pay the entire amount on 15 June 2026."
request_265,45970,affordable_now,full_payment,2024-03-06:45970,2024-03-06,none,"You can pay the full INR 45,970 family transfer today, 6 March 2024, ahead of the 21 March 2024 deadline, while keeping at least INR 189,700 available."
request_266,773.82,affordable_with_plan,installments,2025-08-03:324.13|2025-08-31:324.13|2025-09-28:324.13,2025-09-15,none,"To fund the EUR 935 investment request by 3 October 2025 while keeping at least EUR 900 in reserve, the plan splits payment into 3 installments of EUR 324.13 on 3 August 2025, 31 August 2025 and 28 September 2025."
request_267,1641.19,affordable_with_plan,installments,2026-01-08:667.33|2026-02-07:667.33|2026-03-09:667.33,2026-02-15,none,"Your EUR 1,925 housing payment can be handled by paying it in 3 installments of EUR 667.33 on 8 January 2026, 7 February 2026, and 9 March 2026, keeping at least EUR 1,500 available throughout."
request_268,1034.29,affordable_with_plan,installments,2024-06-14:841.22|2024-07-15:841.22|2024-08-15:841.22,2024-07-15,none,"To repay the EUR 2,426.60 debt by 15 August 2024 while keeping at least EUR 1,400 in reserve, the plan splits it into 3 installments of EUR 841.22 due on 14 June 2024, 15 July 2024, and 15 August 2024."
request_269,10082.41,affordable_later,wait,2025-12-15:15490,2025-12-15,none,"Since paying ZAR 15,490 now would drop your balance below the required ZAR 23,100 minimum, it's best to wait and pay the full amount on 15 December 2025."
request_270,100.88,not_affordable,not_recommended,none,,none,"The investment request for USD 3,028.80 due by 30 August 2026 can't be made without dropping below the required USD 1,400 minimum balance, so it's marked not affordable and only USD 100.88 is safe to pay today."
request_271,13602.58,affordable_later,wait,2024-11-15:91300,2024-11-15,none,"You can pay the full INR 91,300 travel request on 15 November 2024; paying any sooner would drop your balance below the required INR 58,200 minimum."
request_272,5411802.02,affordable_with_plan,installments,2025-02-12:4709466.67|2025-03-12:4709466.67|2025-04-09:4709466.67,2025-03-15,none,"Since paying the full IDR 13,585,000 at once would dip below your required IDR 7,508,600 buffer, the plan splits it into 3 installments of IDR 4,709,466.67 on 12 February 2025, 12 March 2025 and 9 April 2025, comfortably meeting the 10 April 2025 deadline."
request_273,9561673.15,affordable_with_plan,partial_payment,2026-04-07:9561673.15|2026-04-15:6299326.85,2026-04-15,none,"To cover the IDR 15,861,000 education request by 15 June 2026 while keeping your IDR 18,774,600 minimum balance safe, pay IDR 9,561,673.15 today and the remaining IDR 6,299,326.85 on 15 April 2026."
request_274,2110.82,not_affordable,not_recommended,none,,none,"The requested debt payment of EUR 2,713.70 due by 11 February 2025 is not affordable, as it would drop your balance below the EUR 1,800 minimum you need to keep available, so no payment plan is recommended at this time."
request_275,15884000,affordable_now,full_payment,2025-05-06:15884000,2025-05-06,none,"You can pay the full IDR 15,884,000 for this emergency expense today, 6 May 2025, while keeping at least IDR 12,760,100 available, with no spending changes needed."
